{"cameraMode":{"drawMode":0,"name":"Shaded","section":"Shading Mode"},"sceneLighting":true,"audioPlay":false,"sceneViewState":{"m_AlwaysRefresh":false,"showFog":true,"showSkybox":true,"showFlares":true,"showImageEffects":true,"showParticleSystems":true,"showVisualEffectGraphs":true,"m_FxEnabled":true},"in2DMode":false,"pivot":{"x":-0.004083871841430664,"y":0.485925555229187,"z":-1.6414124965667725},"rotation":{"x":0.11598068475723267,"y":-0.6062344312667847,"z":0.08995553106069565,"w":0.7816247940063477},"size":2.900219202041626,"orthographic":false}